"","iso3c","X","country_name","dls","iso2c","population","gdp","internet","tertiary","rd","literacy","pop_per_mil","dl_per_pop","dl_per_pop_round","internet_per_pop","continent","exp_tertiary_pstudent","spending_education","rank","country.x","documents","citable documents","citations","self-citations","citations per document","h_index","country.y","income"
"1","ABW",13,"Aruba",1224,"AW",104341,33894.2149382263,19000,15.27177,NA,96.82264,0.104341,11730.7673876999,11731,0.182095245397303,"Americas",NA,NA,202,"Aruba",12,7,39,0,3.25,14,"Aruba","High income"
"2","AFG",1,"Afghanistan",3232,"AF",34413603,2087.30532306683,7067,8.23068,NA,31.74112,34.413603,93.9163504617636,94,0.000205354841804853,"Asia",1096,NA,161,"Afghanistan",88,73,2466,34,28.02,40,"Afghanistan","Low income"
"3","AGO",7,"Angola",2745,"AO",27884381,7338.8333802876,153571,8.40094,NA,66.03011,27.884381,98.4422067680111,98,0.00550742008581794,"Africa",NA,NA,157,"Angola",97,90,143,30,1.47,38,"Angola","Upper middle income"
"4","ALB",3,"Albania",19610,"AL",2880703,11662.0372957881,242870,62.00762,0.15412,97.24697,2.880703,6807.36611861757,6807,0.0843092814497017,"Europe",1441,NA,108,"Albania",460,432,771,72,1.68,53,"Albania","Upper middle income"
"5","AND",6,"Andorra",176,"AD",78011,NA,30694,NA,NA,NA,0.078011,2256.09208957711,2256,0.393457332940226,"Europe",NA,NA,189,"Andorra",26,23,58,6,2.23,22,"Andorra","High income"
"6","ARE",219,"United Arab Emirates",31724,"AE",9262900,64326.4617306672,1234447,NA,0.89504,93.22714,9.2629,3424.84535080806,3425,0.133267875071522,"Asia",NA,NA,57,"United Arab Emirates",4603,4227,14637,2147,3.18,153,"United Arab Emirates","High income"
"7","ARG",11,"Argentina",100053,"AR",43131966,20019.8876204122,6855837,84.002,0.62262,99.17996,43.131966,2319.69486389746,2320,0.158950255130963,"Americas",3237,1.07,40,"Argentina",13060,11888,39274,7616,3.01,337,"Argentina","Upper middle income"
"8","ARM",12,"Armenia",8112,"AM",2925553,11999.0454726015,286319,46.5218,0.25002,99.74441,2.925553,2772.80910651764,2773,0.0978683346362209,"Asia",833,NA,90,"Armenia",1047,1003,4522,889,4.32,150,"Armenia","Lower middle income"
"9","ASM",5,"American Samoa",110,"AS",55812,NA,NA,NA,0.39313,NA,0.055812,1970.90231491436,1971,NA,"Oceania",NA,NA,205,"American Samoa",11,10,17,0,1.55,24,"American Samoa","Upper middle income"
"10","ATG",10,"Antigua and Barbuda",424,"AG",93566,18912.2511567078,10000,24.83026,NA,98.95,0.093566,4531.56060962315,4532,0.106876429472244,"Americas",NA,NA,207,"Antigua and Barbuda",10,10,22,0,2.2,15,"Antigua and Barbuda","High income"
"11","AUS",15,"Australia",200109,"AU",23815995,46276.1506853863,6828000,118.61086,1.91943,NA,23.815995,8402.29434042122,8402,0.286698078329291,"Oceania",10333,0.716,10,"Australia",90944,79683,389471,99548,4.28,795,"Australia","High income"
"12","AUT",16,"Austria",138625,"AT",8642699,49879.2664728545,2455500,80.71942,3.04979,NA,8.642699,16039.5496823388,16040,0.284112636573367,"Europe",17623,1.633,25,"Austria",24057,21750,104128,18422,4.33,540,"Austria","High income"
"13","AZE",17,"Azerbaijan",8699,"AZ",9649341,15613.3269142985,1899456,25.4832,0.22232,99.78806,9.649341,901.512341620013,902,0.196848261451222,"Asia",NA,NA,95,"Azerbaijan",757,724,3573,350,4.72,76,"Azerbaijan","Upper middle income"
"14","BDI",36,"Burundi",906,"BI",10160030,841.422090281111,3639,5.13304,0.12776,61.56973,10.16003,89.1729650404576,89,0.000358168233755215,"Africa",2338,NA,169,"Burundi",52,44,135,28,2.6,35,"Burundi","Low income"
"15","BEL",23,"Belgium",88073,"BE",11274196,46213.2665340101,4121049,74.55976,2.46123,NA,11.274196,7811.90960313268,7812,0.365529302488621,"Europe",14719,1.334,22,"Belgium",32171,29028,157271,28303,4.89,661,"Belgium","High income"
"16","BEN",25,"Benin",3512,"BJ",10575952,2887.1780743667,73263,13.55343,NA,32.94882,10.575952,332.074124390882,332,0.00692731963987734,"Africa",1341,NA,110,"Benin",432,411,3290,181,7.62,73,"Benin","Low income"
"17","BFA",35,"Burkina Faso",1300,"BF",18110624,1510.08534597338,9354,5.06383,0.22183,34.5994,18.110624,71.7810717068611,72,0.000516492419035368,"Africa",3775,NA,103,"Burkina Faso",536,510,1822,245,3.4,91,"Burkina Faso","Low income"
"18","BGD",20,"Bangladesh",52643,"BD",156256276,3555.41677702092,4892940,13.86508,NA,65.13733,156.256276,336.901667872847,337,0.031313558247094,"Asia",642,NA,60,"Bangladesh",3587,3345,10825,1845,3.02,154,"Bangladesh","Lower middle income"
"19","BGR",34,"Bulgaria",57546,"BG",7177991,18186.485798929,1614541,70.30154,0.96015,98.35245,7.177991,8017.00642979352,8017,0.224929370906149,"Europe",2825,NA,59,"Bulgaria",3945,3706,12760,1698,3.23,205,"Bulgaria","Upper middle income"
"20","BHR",19,"Bahrain",10368,"BH",1371851,45281.2542051841,253041,43.27575,0.10116,90.9774,1.371851,7557.672079548,7558,0.184452247365056,"Asia",NA,NA,116,"Bahrain",377,327,3425,74,9.08,61,"Bahrain","High income"
"21","BHS",18,"Bahamas",955,"BS",374206,33542.2518103513,81018,NA,NA,NA,0.374206,2552.07025007616,2552,0.216506416252011,"Americas",NA,NA,172,"Bahamas",47,39,137,26,2.91,38,"Bahamas, The","High income"
"22","BIH",30,"Bosnia and Herzegovina",20613,"BA",3429361,12013.9787050157,634987,NA,0.2186,96.99177,3.429361,6010.74077648868,6011,0.185161900424015,"Europe",NA,NA,93,"Bosnia and Herzegovina",887,845,1761,230,1.99,71,"Bosnia and Herzegovina","Upper middle income"
"23","BLR",22,"Belarus",9402,"BY",9489616,20146.388540526,2903497,89.56716,0.49999,99.61706,9.489616,990.767171190067,991,0.305965699771203,"Europe",2894,NA,76,"Belarus",1727,1668,5435,1175,3.15,146,"Belarus","Upper middle income"
"24","BLZ",24,"Belize",987,"BZ",360933,7244.27583136424,17379,23.25367,NA,NA,0.360933,2734.57954800475,2735,0.0481502107039257,"Americas",2769,NA,185,"Belize",32,28,2371,5,74.09,45,"Belize","Upper middle income"
"25","BMU",26,"Bermuda",51,"BM",65239,59483.0234385154,30000,25.14212,0.22036,NA,0.065239,781.740983154248,782,0.459847637149558,"Americas",10000,NA,174,"Bermuda",43,38,194,23,4.51,78,"Bermuda","High income"
"26","BOL",28,"Bolivia",14354,"BO",10869730,7133.76283474336,180951,NA,0.157,92.45508,10.86973,1320.54798049262,1321,0.0166472396278472,"Americas",NA,NA,126,"Bolivia",313,293,1376,127,4.4,103,"Bolivia","Lower middle income"
"27","BRA",32,"Brazil",307376,"BR",204471769,14743.7417433484,25482478,51.05413,1.34264,92.0479,204.471769,1503.26864927745,1503,0.124625898844745,"Americas",4752,NA,13,"Brazil",67064,63126,160383,49264,2.39,461,"Brazil","Upper middle income"
"28","BRB",21,"Barbados",3353,"BB",285324,15545.2319591293,78269,65.42534,NA,99.6,0.285324,11751.5526208801,11752,0.274316215950989,"Americas",NA,NA,144,"Barbados",137,100,1940,22,14.16,71,"Barbados","High income"
"29","BRN",33,"Brunei Darussalam",2122,"BN",414907,62539.7107417451,34425,31.30059,NA,96.08556,0.414907,5114.39913040754,5114,0.0829704005957962,"Asia",24805,NA,111,"Brunei Darussalam",428,392,1396,279,3.26,57,"Brunei Darussalam","High income"
"30","BTN",27,"Bhutan",2107,"BT",727876,9500.54005485374,27874,10.90072,NA,57.0336,0.727876,2894.72382658585,2895,0.0382949843105144,"Asia",3995,NA,159,"Bhutan",89,75,353,50,3.97,32,"Bhutan","Lower middle income"
"31","BWA",31,"Botswana",3001,"BW",2120716,15545.7870674617,36845,30.23934,0.53728,86.82318,2.120716,1415.08811175094,1415,0.017373849209418,"Africa",NA,NA,107,"Botswana",468,366,2250,105,4.81,89,"Botswana","Upper middle income"
"32","CAN",39,"Canada",369962,"CA",35702908,44567.8663498079,13115376,64.78696,1.69718,NA,35.702908,10362.2371600655,10362,0.367347556115037,"North America",NA,NA,9,"Canada",99526,88410,415222,91546,4.17,963,"Canada","High income"
"33","CHE",202,"Switzerland",141083,"CH",8282396,63938.9893868853,3700563,57.70735,3.3716,NA,8.282396,17034.0804762293,17034,0.446798607552694,"Europe",23303,1.315,16,"Switzerland",43640,39311,247407,44620,5.67,818,"Switzerland","High income"
"34","CHL",43,"Chile",55874,"CL",17969353,22688.0100281228,2719439,85.26672,0.38073,96.87413,17.969353,3109.4052189859,3109,0.151337613546798,"Americas",4324,NA,44,"Chile",11299,10597,38002,8195,3.36,291,"Chile","High income"
"35","CHN",44,"China",580808,"CN",1371220000,12924.4284335115,277046000,46.04043,2.0656,95.12448,1371.22,423.570251309053,424,0.202043435772524,"Asia",NA,NA,2,"China",448221,438110,1383577,868843,3.09,655,"China","Upper middle income"
"36","CIV",51,"Cote D'Ivoire",10107,"CI",23226143,3366.11323137193,109707,8.79438,NA,43.90842,23.226143,435.156194465865,435,0.0047234273895584,"Africa",4427,NA,114,"CÙte díIvoire",406,375,3685,123,9.08,99,"C√¥te d'Ivoire","Lower middle income"
"37","CMR",38,"Cameroon",14007,"CM",23298368,3260.81559918164,20447,16.96239,NA,71.29051,23.298368,601.200908149446,601,0.00087761511879287,"Africa",616,NA,88,"Cameroon",1179,1109,4661,663,3.95,106,"Cameroon","Lower middle income"
"38","COD",48,"Congo, The Democratic Republic of the",3340,"CD",76244544,905.444208902724,1000,6.93433,0.40638,75.01719,76.244544,43.8064132169247,44,1.31156925799176e-05,"Africa",573,NA,162,"Democratic Republic Congo",74,72,239,10,3.23,49,"Congo, Dem. Rep.","Low income"
"39","COG",47,"Congo",350,"CG",4856095,3338.9244869803,500,9.31913,NA,79.31117,4.856095,72.0743725153647,72,0.000102963389307664,"Africa",5069,NA,112,"Congo",425,399,2880,160,6.78,81,"Congo, Rep.","Lower middle income"
"40","COL",45,"Colombia",81531,"CO",47520667,13896.220383719,5525763,53.28214,0.28975,94.24505,47.520667,1715.69561513099,1716,0.116281259267678,"Americas",2763,0.815,47,"Colombia",8783,8240,23713,4166,2.7,216,"Colombia","Upper middle income"
"41","COM",46,"Comoros",28,"KM",777424,2708.8581270021,1600,8.99478,NA,49.19614,0.777424,36.016382308753,36,0.0020580789890716,"Africa",664,NA,213,"Comoros",8,8,10,1,1.25,15,"Comoros","Low income"
"42","CPV",40,"Cape Verde",723,"CV",524743,5994.37464537852,16568,23.06306,0.07264,86.79029,0.524743,1377.81733153182,1378,0.03157355124318,"Africa",1978,NA,184,"Cape Verde",35,34,88,16,2.51,20,"Cabo Verde","Lower middle income"
"43","CRI",50,"Costa Rica",11339,"CR",4847804,17065.7798247942,558656,53.05263,0.44993,97.40658,4.847804,2338.99720368233,2339,0.115238982434108,"Americas",5429,NA,94,"Costa Rica",835,768,2828,425,3.39,152,"Costa Rica","Upper middle income"
"44","CUB",53,"Cuba",1226,"CU",11324781,NA,8157,36.1142,0.42854,99.75253,11.324781,108.25816410931,108,0.000720278829232989,"Americas",NA,NA,70,"Cuba",2049,1915,2864,463,1.4,145,"Cuba","Upper middle income"
"45","CUW",54,"Curacao",561,"CW",157980,25090.4119553044,40000,21.42857,NA,NA,0.15798,3551.08241549563,3551,0.253196607165464,"Americas",NA,NA,NA,NA,NA,NA,NA,NA,NA,NA,"Cura√ßao","High income"
"46","CYM",41,"Cayman Islands",239,"KY",61724,64230.4506932562,27383,NA,NA,98.86782,0.061724,3872.07569178926,3872,0.443636186896507,"Americas",NA,NA,200,"Cayman Islands",14,14,34,4,2.43,25,"Cayman Islands","High income"
"47","CYP",55,"Cyprus",8744,"CY",1160985,31722.3665130378,260640,60.10123,0.48059,98.67843,1.160985,7531.53572182242,7532,0.224499024535201,"Asia",8318,NA,71,"Cyprus",2020,1780,10570,1115,5.23,151,"Cyprus","High income"
"48","CZE",56,"Czech Republic",76967,"CZ",10546059,33691.4242392608,2946626,64.48163,1.92923,NA,10.546059,7298.17650365885,7298,0.279405415805089,"Europe",6829,0.983,27,"Czech Republic",23336,22297,63996,16867,2.74,367,"Czech Republic","High income"
"49","DEU",79,"Germany",765170,"DE",81686611,47683.7885959958,30707429,67.74687,2.91197,NA,81.686611,9367.14096267257,9367,0.375917529495746,"Europe",17222,1.059,4,"Germany",165845,150091,688485,210467,4.15,1059,"Germany","High income"
"50","DJI",58,"Djibouti",1543,"DJ",913993,4605.98387079121,24165,5.34532,NA,NA,0.913993,1688.1967367365,1688,0.0264389333397521,"Africa",NA,NA,196,"Djibouti",18,17,25,5,1.39,20,"Djibouti","Lower middle income"
"51","DMA",59,"Dominica",239,"DM",71183,11140.027596917,15159,NA,NA,NA,0.071183,3357.54323363725,3358,0.212958150120113,"Americas",NA,NA,177,"Dominica",40,34,130,6,3.25,27,"Dominica","Upper middle income"
"52","DNK",57,"Denmark",29110,"DK",5683483,49058.5010658416,2404962,82.12949,3.05497,NA,5.683483,5121.85925426363,5122,0.423149325862328,"Europe",20768,1.608,24,"Denmark",25697,23336,143053,26118,5.57,619,"Denmark","High income"
"53","DOM",60,"Dominican Republic",9057,"DO",10281680,14740.342498503,686107,51.74711,NA,91.99121,10.28168,880.887170190086,881,0.0667310206114176,"Americas",NA,NA,146,"Dominican Republic",132,125,623,29,4.72,58,"Dominican Republic","Upper middle income"
"54","DZA",4,"Algeria",156074,"DZ",39728025,12017.7036850598,2269348,36.78132,0.06604,75.13605,39.728025,3928.56176464851,3929,0.0571220945415736,"Africa",NA,NA,55,"Algeria",5722,5510,9747,2872,1.7,125,"Algeria","Upper middle income"
"55","ECU",61,"Ecuador",15082,"EC",16212020,11059.9352452555,1487592,44.89223,0.44266,94.45566,16.21202,930.297396622999,930,0.091758584062936,"Americas",4832,NA,79,"Ecuador",1608,1520,4396,815,2.73,126,"Ecuador","Upper middle income"
"56","EGY",62,"Egypt",169421,"EG",92442547,11354.0766753468,3826410,35.02813,0.71858,75.06073,92.442547,1832.71670348936,1833,0.041392303913911,"Africa",NA,NA,37,"Egypt",16090,15483,47511,11488,2.95,213,"Egypt, Arab Rep.","Lower middle income"
"57","ERI",65,"Eritrea",384,"ER",3213972,2052.73308492867,500,3.4765,NA,64.66297,3.213972,119.478327751455,119,0.000155570739259707,"Africa",NA,NA,186,"Eritrea",30,29,82,17,2.73,39,"Eritrea","Low income"
"58","ESP",196,"Spain",327326,"ES",46444832,34912.4761266679,13542906,85.61178,1.21832,98.14326,46.444832,7047.63018628208,7048,0.291591236674082,"Europe",7610,0.903,11,"Spain",86613,78158,330669,83675,3.82,723,"Spain","High income"
"59","EST",66,"Estonia",7995,"EE",1315407,29397.1298449963,384129,72.16762,1.46604,99.88579,1.315407,6077.96674337296,6078,0.292022925223904,"Europe",9000,1.674,63,"Estonia",2996,2758,16494,2237,5.51,215,"Estonia","High income"
"60","ETH",67,"Ethiopia",64631,"ET",100835458,1657.64393170033,478000,8.10532,0.60474,38.99598,100.835458,640.955089428959,641,0.00474039598253226,"Africa",4075,NA,75,"Ethiopia",1858,1727,7179,1020,3.86,115,"Ethiopia","Low income"
"61","FIN",72,"Finland",27708,"FI",5479531,42535.475165346,1729897,87.67987,2.89157,NA,5.479531,5056.63714650031,5057,0.31570165402842,"Europe",14799,1.717,33,"Finland",19462,17932,88082,16394,4.53,533,"Finland","High income"
"62","FJI",71,"Fiji",1931,"FJ",868627,12412.1996163229,12734,16.13669,NA,NA,0.868627,2223.04855824192,2223,0.01465991731779,"Oceania",NA,NA,129,"Fiji",265,232,3240,138,12.23,67,"Fiji","Upper middle income"
"63","FRA",73,"France",290734,"FR",66548272,40860.9112179241,26867000,62.78593,2.26703,NA,66.548272,4368.76858350281,4369,0.403721977935054,"Europe",14038,1.212,7,"France",115687,105734,455848,114428,3.94,966,"France","High income"
"64","FRO",70,"Faroe Islands",101,"FO",48051,NA,17792,NA,NA,NA,0.048051,2101.93336246904,2102,0.370273251337121,"Europe",NA,NA,163,"Faroe Islands",69,62,227,27,3.29,52,"Faeroe Islands","High income"
"65","FSM",140,"Micronesia, Federated States of",18,"FM",108895,3354.50839527418,3277,NA,NA,NA,0.108895,165.296845585197,165,0.0300932090545939,"Oceania",NA,NA,199,"Federated States of Micronesia",14,13,47,5,3.36,27,"Micronesia, Fed. Sts.","Lower middle income"
"66","GAB",76,"Gabon",979,"GA",1947686,14699.552643269,11082,NA,0.57924,82.2838,1.947686,502.647757390052,503,0.00568982885331619,"Africa",NA,NA,137,"Gabon",182,172,1196,87,6.57,89,"Gabon","Upper middle income"
"67","GBR",220,"United Kingdom",594925,"GB",65116219,42518.1412562852,24686486,56.45849,1.66818,NA,65.116219,9136.35664257472,9136,0.379114241875745,"Europe",14851,0.554,3,"United Kingdom",188882,158968,785092,220220,4.16,1213,"United Kingdom","High income"
"68","GEO",78,"Georgia",12330,"GE",3725276,11716.049877079,662862,46.48113,0.31982,99.58619,3.725276,3309.82187628514,3310,0.177936346192873,"Asia",1215,NA,87,"Georgia",1204,1091,8296,625,6.89,135,"Georgia","Upper middle income"
"69","GHA",80,"Ghana",38316,"GH",27849205,5116.91400252922,73132,15.69071,0.37655,71.49707,27.849205,1375.83819717654,1376,0.00262599955725846,"Africa",3074,NA,78,"Ghana",1671,1528,6015,857,3.6,119,"Ghana","Lower middle income"
"70","GIB",81,"Gibraltar",219,"GI",33736,NA,15577,NA,NA,NA,0.033736,6491.58169314679,6492,0.461732274128527,"Europe",NA,NA,193,"Gibraltar",19,16,75,1,3.95,24,"Gibraltar","High income"
"71","GIN",89,"Guinea",153,"GN",11432088,1820.21490508137,1000,11.55931,NA,32.00384,11.432088,13.3833819333791,13,8.74730845318895e-05,"Africa",1606,NA,155,"Guinea",111,93,1038,119,9.35,51,"Guinea","Low income"
"72","GMB",77,"Gambia",318,"GM",2085860,2066.7491183272,3573,2.72461,0.13308,50.77797,2.08586,152.455102451747,152,0.00171296251905689,"Africa",1799,NA,140,"Gambia",165,157,3621,127,21.95,107,"Gambia, The","Low income"
"73","GNB",90,"Guinea-Bissau",10,"GW",1737202,1597.43093631483,1051,2.64325,NA,45.58116,1.737202,5.75638296525102,6,0.000604995849647882,"Africa",NA,NA,176,"Guinea-Bissau",42,35,209,56,4.98,54,"Guinea-Bissau","Low income"
"74","GNQ",64,"Equatorial Guinea",81,"GQ",1168568,24040.5060399031,3799,NA,NA,94.37054,1.168568,69.3156067939564,69,0.00325098753345976,"Africa",NA,NA,195,"Equatorial Guinea",18,18,80,15,4.44,23,"Equatorial Guinea","Upper middle income"
"75","GRC",82,"Greece",237657,"GR",10820883,26902.525319841,3439034,122.402,0.96121,97.36874,10.820883,21962.810243859,21963,0.317814544339866,"Europe",NA,NA,35,"Greece",18420,16342,70489,12008,3.83,402,"Greece","High income"
"76","GRD",84,"Grenada",424,"GD",109599,14152.4311760862,19757,95.62066,NA,98.6,0.109599,3868.64843657333,3869,0.18026624330514,"Americas",NA,NA,142,"Grenada",146,100,378,24,2.59,40,"Grenada","Upper middle income"
"77","GRL",83,"Greenland",34,"GL",56114,NA,10000,NA,NA,NA,0.056114,605.909398724026,606,0.178208646683537,"Americas",NA,NA,147,"Greenland",129,123,678,118,5.26,56,"Greenland","High income"
"78","GTM",87,"Guatemala",5637,"GT",16252429,8004.53665145583,459847,21.78329,0.02988,81.2859,16.252429,346.840463047093,347,0.0282940476158979,"Americas",1387,NA,128,"Guatemala",271,247,1155,68,4.26,78,"Guatemala","Lower middle income"
"79","GUM",86,"Guam",247,"GU",161853,NA,3000,NA,0.25707,NA,0.161853,1526.07613081006,1526,0.0185353376211748,"Oceania",NA,NA,178,"Guam",40,36,62,8,1.55,58,"Guam","High income"
"80","GUY",91,"Guyana",1963,"GY",767432,8313.46000879636,53687,11.62275,NA,85.63973,0.767432,2557.88134974825,2558,0.0699566867162172,"Americas",926,NA,183,"Guyana",35,30,247,10,7.06,36,"Guyana","Upper middle income"
"81","HKG",95,"Hong Kong",92308,"HK",7291300,56407.3218162824,2347833,69.54381,0.76183,NA,7.2913,12660.019475265,12660,0.322004717951531,"Asia",12776,NA,36,"Hong Kong",16393,15092,80647,11406,4.92,447,"Hong Kong SAR, China","High income"
"82","HND",94,"Honduras",2533,"HN",9112916,4823.31131412265,197379,20.39552,0.01497,87.90683,9.112916,277.957132491949,278,0.0216592581342789,"Americas",1866,NA,156,"Honduras",102,94,428,19,4.2,55,"Honduras","Lower middle income"
"83","HRV",52,"Croatia",67097,"HR",4203604,23013.6011900918,986215,66.49102,0.84027,99.12536,4.203604,15961.779463527,15962,0.234611775990317,"Europe",5700,NA,52,"Croatia",6481,6018,16308,2582,2.52,221,"Croatia","High income"
"84","HTI",92,"Haiti",3910,"HT",10695542,1704.88789060285,1348,NA,NA,48.68502,10.695542,365.572871388846,366,0.000126033818576001,"Americas",NA,NA,NA,NA,NA,NA,NA,NA,NA,NA,"Haiti","Low income"
"85","HUN",96,"Hungary",84815,"HU",9843028,26668.0408752434,2718794,48.96214,1.36245,99.1,9.843028,8616.75898920535,8617,0.276215205320964,"Europe",5857,0.659,45,"Hungary",10441,9706,37776,6834,3.62,363,"Hungary","High income"
"86","IDN",99,"Indonesia",341269,"ID",258383256,10246.8983599054,3983000,33.25072,0.0847,95.21793,258.383256,1320.78604969666,1321,0.0154150855657613,"Asia",3120,NA,48,"Indonesia",7834,7590,13906,3544,1.78,175,"Indonesia","Lower middle income"
"87","IMN",103,"Isle of Man",467,"IM",83234,NA,NA,NA,NA,NA,0.083234,5610.68794002451,5611,NA,"Europe",NA,NA,NA,NA,NA,NA,NA,NA,NA,NA,"Isle of Man","High income"
"88","IND",98,"India",1272124,"IN",1310152403,5464.71119822992,16942750,26.76899,0.61957,69.30256,1310.152403,970.974061557326,971,0.0129318924738865,"Asia",2458,NA,5,"India",135092,125540,281588,107513,2.08,478,"India","Lower middle income"
"89","IRL",102,"Ireland",49104,"IE",4701957,69056.0460368695,1309467,77.23215,1.19201,NA,4.701957,10443.3111574606,10443,0.278494039822142,"Europe",12516,0.828,41,"Ireland",12752,11243,58713,8841,4.6,414,"Ireland","High income"
"90","IRN",100,"Iran, Islamic Republic of",563798,"IR",78492215,13265.7610825242,6608662,67.31977,0.41763,84.70524,78.492215,7182.8524650502,7183,0.0841951268670403,"Asia",2389,NA,17,"Iran",43115,41707,119391,49285,2.77,234,"Iran, Islamic Rep.","Upper middle income"
"91","IRQ",101,"Iraq",57862,"IQ",35572261,10299.6489545476,3117,16.15742,0.03775,82.2,35.572261,1626.60450512269,1627,8.76244554710762e-05,"Asia",NA,NA,69,"Iraq",2071,1991,6765,1422,3.27,71,"Iraq","Upper middle income"
"92","ISL",97,"Iceland",4275,"IS",330815,48728.0993642438,124436,75.76606,2.12004,NA,0.330815,12922.6304732252,12923,0.376149811828363,"Europe",11194,1.176,81,"Iceland",1510,1369,11317,1081,7.49,251,"Iceland","High income"
"93","ISR",104,"Israel",77440,"IL",8380100,35436.8108730888,2173000,65.48689,4.25563,NA,8.3801,9240.93984558657,9241,0.259304781565852,"Asia",6663,0.861,31,"Israel",19734,17912,85961,13858,4.36,584,"Israel","High income"
"94","ITA",105,"Italy",469676,"IT",60730582,36909.3283742734,14900171,60.93946,1.34115,98.84828,60.730582,7733.7641849044,7734,0.245348727268907,"Europe",9505,0.727,8,"Italy",106668,94897,432433,134709,4.05,839,"Italy","High income"
"95","JAM",106,"Jamaica",9855,"JM",2891021,8791.36574605407,228890,27.13061,NA,88.1,2.891021,3408.83030597149,3409,0.0791727213327056,"Americas",3036,NA,119,"Jamaica",329,286,1776,81,5.4,83,"Jamaica","Upper middle income"
"96","JOR",109,"Jordan",16539,"JO",9266575,9248.627096552,309726,36.631,0.4303,97.89032,9.266575,1784.80182807564,1785,0.0334239996978387,"Asia",NA,NA,65,"Jordan",2546,2435,7408,928,2.91,130,"Jordan","Upper middle income"
"97","JPN",107,"Japan",125906,"JP",127141000,40396.2432092141,38872579,NA,3.28165,NA,127.141,990.286374969522,990,0.305743851314682,"Asia",9591,0.524,6,"Japan",121840,112922,349318,105867,2.87,871,"Japan","High income"
"98","KAZ",110,"Kazakhstan",7634,"KZ",17542806,25378.5316202921,2301000,46.37351,0.16951,99.78163,17.542806,435.164135087625,435,0.131164877500213,"Asia",2806,NA,67,"Kazakhstan",2441,2381,2795,751,1.15,75,"Kazakhstan","Upper middle income"
"99","KEN",111,"Kenya",43441,"KE",47878336,3362.41530057868,135107,9.22956,0.78577,78.73304,47.878336,907.320588585201,907,0.00282188169613915,"Africa",NA,NA,66,"Kenya",2467,2215,12069,1548,4.89,201,"Kenya","Lower middle income"
"100","KGZ",116,"Kyrgyzstan",2783,"KG",5956900,4641.93226616314,211521,46.66787,0.11903,99.24343,5.9569,467.189309875942,467,0.0355085698937367,"Asia",187,NA,141,"Kyrgyzstan",156,141,664,46,4.26,51,"Kyrgyz Republic","Lower middle income"
"101","KHM",37,"Cambodia",25363,"KH",15521436,3388.66837461663,83504,13.13563,0.11823,80.52649,15.521436,1634.06272460873,1634,0.00537991459037682,"Asia",NA,NA,118,"Cambodia",346,315,1978,340,5.72,86,"Cambodia","Lower middle income"
"102","KIR",112,"Kiribati",1,"KI",110930,2110.11727296233,117,NA,NA,NA,0.11093,9.01469395114036,9,0.00105471919228342,"Oceania",NA,NA,216,"Kiribati",5,5,10,0,2,9,"Kiribati","Lower middle income"
"103","KNA",176,"Saint Kitts and Nevis",112,"KN",51203,23921.9495826602,16376,86.68149,NA,NA,0.051203,2187.37183368162,2187,0.319825010253305,"Americas",1681,NA,165,"Saint Kitts and Nevis",68,58,239,15,3.51,25,"St. Kitts and Nevis","High income"
"104","KOR",114,"Korea, Republic of",168902,"KR",51014947,35760.734442377,20024419,94.33984,4.21702,NA,51.014947,3310.83358765422,3311,0.392520627336925,"Asia",5421,NA,12,"South Korea",79633,76543,258546,66845,3.25,536,"Korea, Rep.","High income"
"105","KWT",115,"Kuwait",10480,"KW",3835591,46811.9011001058,55000,55.14833,0.0966,95.68545,3.835591,2732.30383531508,2732,0.0143393808151078,"Asia",NA,NA,82,"Kuwait",1489,1381,3371,377,2.26,123,"Kuwait","High income"
"106","LAO",117,"Lao People's Democratic Republic",1026,"LA",6741164,6168.41515485988,12316,18.16504,NA,84.66104,6.741164,152.199234434884,152,0.00182698418255364,"Asia",1236,NA,131,"Laos",237,218,1197,117,5.05,67,"Lao PDR","Lower middle income"
"107","LBN",119,"Lebanon",22086,"LB",6532678,15078.1895296823,1132139,NA,NA,91.18419,6.532678,3380.8493239679,3381,0.173303965081395,"Asia",2722,NA,68,"Lebanon",2376,2177,8927,948,3.76,157,"Lebanon","Upper middle income"
"108","LBR",121,"Liberia",210,"LR",4472230,1293.2684059606,7000,11.92253,NA,42.94108,4.47223,46.9564400757564,47,0.00156521466919188,"Africa",613,NA,164,"Liberia",69,56,558,78,8.09,28,"Liberia","Low income"
"109","LBY",122,"Libya",9033,"LY",6418315,12220.0234015984,61000,NA,NA,NA,6.418315,1407.378727906,1407,0.00950405207597321,"Africa",NA,NA,113,"Libya",421,409,2452,81,5.82,57,"Libya","Upper middle income"
"110","LCA",177,"Saint Lucia",627,"LC",179126,12435.2550798639,28426,16.32605,NA,NA,0.179126,3500.32937708652,3500,0.158692763752889,"Americas",NA,NA,203,"Saint Lucia",12,11,560,3,46.67,20,"St. Lucia","Upper middle income"
"111","LIE",123,"Liechtenstein",238,"LI",37470,NA,15696,33.54204,NA,NA,0.03747,6351.74806511876,6352,0.418895116092874,"Europe",NA,NA,150,"Liechtenstein",120,102,369,40,3.08,64,"Liechtenstein","High income"
"112","LKA",197,"Sri Lanka",27188,"LK",20970000,11557.1328588085,625917,19.75837,0.10871,91.18136,20.97,1296.518836433,1297,0.0298482117310443,"Asia",3351,NA,84,"Sri Lanka",1360,1228,6380,598,4.69,135,"Sri Lanka","Lower middle income"
"113","LSO",120,"Lesotho",841,"LS",2059021,3276.04449936315,2062,10.18687,0.04795,76.6352,2.059021,408.446538427729,408,0.00100144680408796,"Africa",NA,NA,170,"Lesotho",49,43,114,17,2.33,31,"Lesotho","Lower middle income"
"114","LTU",124,"Lithuania",24919,"LT",2904910,28823.8180924943,833298,69.74054,1.04095,99.8156,2.90491,8578.23478180047,8578,0.286858456888509,"Europe",6636,1.289,61,"Lithuania",3467,3325,9779,1825,2.82,165,"Lithuania","High income"
"115","LUX",125,"Luxembourg",12924,"LU",569604,103750.775104054,195300,19.77631,1.28405,NA,0.569604,22689.447405566,22689,0.342869783217814,"Europe",386,0.489,74,"Luxembourg",1861,1681,8127,1058,4.37,136,"Luxembourg","High income"
"116","LVA",118,"Latvia",11173,"LV",1977527,24830.9229657427,503503,74.29988,0.62623,99.8959,1.977527,5649.98606845823,5650,0.254612452826181,"Europe",5982,1.123,72,"Latvia",1987,1928,5125,1062,2.58,129,"Latvia","High income"
"117","MAC",126,"Macau",3634,"MO",602085,116623.20770002,169939,71.39112,0.13554,95.64004,0.602085,6035.69263476087,6036,0.28225084498036,"Asia",23858,NA,92,"Macao",906,834,4248,447,4.69,73,"Macao SAR, China","High income"
"118","MAR",145,"Morocco",119813,"MA",34663603,7822.96804829934,1147533,28.40355,0.71454,69.42539,34.663603,3456.44969451098,3456,0.0331048391016941,"Africa",NA,NA,56,"Morocco",4611,4234,11105,2544,2.41,151,"Morocco","Lower middle income"
"119","MCO",142,"Monaco",289,"MC",37718,NA,18354,NA,0.03821,NA,0.037718,7662.12418473938,7662,0.48661116708203,"Europe",NA,NA,145,"Monaco",137,126,836,67,6.1,85,"Monaco","High income"
"120","MDA",141,"Moldova, Republic of",6192,"MD",2834530,10666.5376009638,534393,41.21348,0.30943,99.35989,2.83453,2184.48913929293,2184,0.188529668057844,"Europe",1969,NA,115,"Moldova",387,366,1349,239,3.49,90,"Moldova","Lower middle income"
"121","MDG",128,"Madagascar",7442,"MG",24234088,1546.83543106561,23694,4.80619,0.0155,71.57262,24.234088,307.088098384391,307,0.000977713706412224,"Africa",1485,NA,127,"Madagascar",306,289,1060,179,3.46,81,"Madagascar","Low income"
"122","MDV",131,"Maldives",2507,"MV",454915,16768.2665208418,23175,13.08365,NA,98.61012,0.454915,5510.91962234703,5511,0.050943582867129,"Asia",4400,NA,191,"Maldives",23,21,94,18,4.09,24,"Maldives","Upper middle income"
"123","MEX",139,"Mexico",200792,"MX",121858258,18284.8828438085,14757686,31.81904,0.52377,94.47228,121.858258,1647.75045446653,1648,0.121105341912897,"Americas",7167,1.053,28,"Mexico",20488,19057,51292,10951,2.5,352,"Mexico","Upper middle income"
"124","MHL",134,"Marshall Islands",1,"MH",57439,3519.21814540136,1000,23.66127,NA,98.26508,0.057439,17.4097738470377,17,0.0174097738470377,"Oceania",NA,NA,215,"Marshall Islands",7,7,35,0,5,19,"Marshall Islands","Upper middle income"
"125","MKD",127,"Macedonia",13314,"MK",2079328,13831.2135465295,362421,41.14333,0.44412,97.8,2.079328,6403.03020976008,6403,0.174297176780191,"Europe",NA,NA,91,"Macedonia",919,855,2209,282,2.4,91,"Macedonia, FYR","Upper middle income"
"126","MLI",132,"Mali",867,"ML",17438778,2033.51021303451,3499,5.50317,0.31462,33.06889,17.438778,49.7167863482178,50,0.000200644792886291,"Africa",2214,NA,130,"Mali",261,246,1604,111,6.15,82,"Mali","Low income"
"127","MLT",133,"Malta",16160,"MT",445053,36195.5621880995,163205,47.12258,0.74085,93.30736,0.445053,36310.2821461714,36310,0.366709133518929,"Europe",16126,NA,99,"Malta",632,530,2149,265,3.4,93,"Malta","High income"
"128","MMR",147,"Myanmar",16712,"MM",52680726,4327.1309068173,32921,13.53416,NA,NA,52.680726,317.231770875747,317,0.000624915457695097,"Asia",NA,NA,134,"Myanmar",213,200,941,112,4.42,58,"Myanmar","Lower middle income"
"129","MNE",144,"Montenegro",4449,"ME",622159,16337.2530420173,112394,52.22527,0.374,98.44221,0.622159,7150.90515447016,7151,0.180651569775572,"Europe",NA,NA,117,"Montenegro",365,342,599,130,1.64,40,"Montenegro","Upper middle income"
"130","MNG",143,"Mongolia",3595,"MN",2998439,10766.8637641495,208047,68.04701,0.15468,98.257,2.998439,1198.95719072491,1199,0.0693851033821265,"Asia",NA,NA,122,"Mongolia",319,296,1092,107,3.42,78,"Mongolia","Lower middle income"
"131","MNP",156,"Northern Mariana Islands",94,"MP",55780,NA,NA,NA,NA,NA,0.05578,1685.19182502689,1685,NA,"Oceania",NA,NA,201,"Northern Mariana Islands",13,12,45,0,3.46,15,"Northern Mariana Islands","High income"
"132","MOZ",146,"Mozambique",2394,"MZ",27042002,1291.98685633002,42570,6.65915,0.33751,56.039,27.042002,88.5289484114379,89,0.00157421776686504,"Africa",1866,NA,120,"Mozambique",324,302,1151,147,3.55,81,"Mozambique","Low income"
"133","MRT",136,"Mauritania",925,"MR",4046301,3284.10880332994,9638,5.61214,NA,45.50378,4.046301,228.603853247695,229,0.00238192858119057,"Africa",2620,NA,182,"Mauritania",36,35,62,24,1.72,38,"Mauritania","Lower middle income"
"134","MUS",137,"Mauritius",9892,"MU",1262605,19230.9044635218,197400,37.41528,0.17773,92.7076,1.262605,7834.59593459554,7835,0.156343432823409,"Africa",2211,NA,132,"Mauritius",232,205,605,69,2.61,61,"Mauritius","Upper middle income"
"135","MWI",129,"Malawi",6873,"MW",16745303,1018.6909597408,5855,0.82388,NA,62.14354,16.745303,410.443453904656,410,0.000349650287008841,"Africa",NA,NA,101,"Malawi",557,497,2555,332,4.59,117,"Malawi","Low income"
"136","MYS",130,"Malaysia",143011,"MY",30270962,24801.245712035,3063800,45.59271,1.2998,93.11789,30.270962,4724.36257559307,4724,0.101212508542015,"Asia",13453,NA,23,"Malaysia",26796,25832,61575,18015,2.3,224,"Malaysia","Upper middle income"
"137","NAM",148,"Namibia",2723,NA,2314904,10936.4796841044,70408,20.59755,0.33996,88.27463,2.314904,1176.29067987269,1176,0.0304150841676372,"Africa",NA,NA,123,"Namibia",318,276,855,147,2.69,79,"Namibia","Upper middle income"
"138","NCL",151,"New Caledonia",1135,"NC",272400,NA,55371,NA,NA,97.8,0.2724,4166.66666666667,4167,0.203270925110132,"Oceania",NA,NA,135,"New Caledonia",188,179,2552,115,13.57,82,"New Caledonia","High income"
"139","NER",154,"Niger",1510,"NE",20001663,854.475680526426,27188,3.29967,NA,30.56039,20.001663,75.4937226969577,75,0.001359286975288,"Africa",5643,NA,136,"Niger",184,165,695,82,3.78,64,"Niger","Low income"
"140","NGA",155,"Nigeria",104734,"NG",181137448,5424.4024600507,15688,10.17443,0.13223,51.07766,181.137448,578.201808385862,578,8.66082644600359e-05,"Africa",NA,NA,54,"Nigeria",5742,5303,12500,2210,2.18,153,"Nigeria","Lower middle income"
"141","NIC",153,"Nicaragua",2272,"NI",6223240,5293.69172163713,116308,NA,0.10742,82.61455,6.22324,365.083139972105,365,0.0186893001073396,"Americas",NA,NA,154,"Nicaragua",111,99,434,40,3.91,70,"Nicaragua","Lower middle income"
"142","NLD",150,"Netherlands",189747,"NL",16939923,50302.0677470128,7029097,80.56992,1.98487,NA,16.939923,11201.1725200876,11201,0.414942677130233,"Europe",16225,1.231,15,"Netherlands",56256,50143,293648,59419,5.22,835,"Netherlands","High income"
"143","NOR",157,"Norway",21914,"NO",5188607,60385.1167632081,2050460,77.95894,1.93095,NA,5.188607,4223.48426080449,4223,0.39518506604952,"Europe",24745,1.611,29,"Norway",20097,17556,84537,15586,4.21,491,"Norway","High income"
"144","NPL",149,"Nepal",21791,"NP",27015031,2633.34918025913,302705,14.96646,0.3022,59.62725,27.015031,806.625022936305,807,0.0112050583987855,"Asia",596,NA,89,"Nepal",1055,931,2728,481,2.59,106,"Nepal","Low income"
"145","NZL",152,"New Zealand",36460,"NZ",4595700,37475.1783595906,1450900,80.56338,1.23292,NA,4.5957,7933.50305720565,7934,0.315708161977501,"Oceania",10079,0.924,39,"New Zealand",14366,12499,56289,9987,3.92,428,"New Zealand","High income"
"146","OMN",158,"Oman",10769,"OM",4267348,31072.7312171813,233234,39.23264,0.24972,93.03861,4.267348,2523.58139059669,2524,0.0546554909512887,"Asia",NA,NA,80,"Oman",1593,1464,6052,674,3.8,105,"Oman","High income"
"147","PAK",159,"Pakistan",140528,"PK",199426964,4372.92066958196,1793199,9.2259,0.24605,56.97715,199.426964,704.658974801422,705,0.00899175800520134,"Asia",2834,NA,43,"Pakistan",12015,11444,34974,9945,2.91,197,"Pakistan","Lower middle income"
"148","PAN",162,"Panama",3862,"PA",3968487,25318.2398406045,316168,47.26563,0.12033,94.09412,3.968487,973.166851749798,973,0.0796696574790342,"Americas",3634,NA,104,"Panama",512,480,3195,393,6.24,162,"Panama","Upper middle income"
"149","PER",165,"Peru",73738,"PE",30470734,11571.9637540451,1999459,34.21627,0.11705,94.16234,30.470734,2419.96139640089,2420,0.0656189969037175,"Americas",NA,NA,73,"Peru",1986,1779,9004,918,4.53,179,"Peru","Upper middle income"
"150","PHL",166,"Philippines",143270,"PH",102113212,6865.9173736066,2900000,35.62689,0.16415,98.18255,102.113212,1403.05056705101,1403,0.0283998509419134,"Asia",NA,NA,64,"Philippines",2554,2337,9429,1218,3.69,189,"Philippines","Lower middle income"
"151","PLW",160,"Palau",12,"PW",17665,17977.5310081878,1224,54.68948,NA,96.59374,0.017665,679.309368808378,679,0.0692895556184546,"Oceania",NA,NA,197,"Palau",17,17,50,8,2.94,30,"Palau","Upper middle income"
"152","PNG",163,"Papua New Guinea",2916,"PG",8107775,4081.29824656453,15000,NA,NA,61.6,8.107775,359.65477581704,360,0.0018500760072893,"Oceania",NA,NA,138,"Papua New Guinea",170,158,3097,110,18.22,79,"Papua New Guinea","Lower middle income"
"153","POL",167,"Poland",146568,"PL",37986412,26856.0352192633,7265546,66.94615,1.00325,98.74274,37.986412,3858.43232574848,3858,0.191266971989879,"Europe",6575,1.184,19,"Poland",41644,39404,115071,36702,2.76,445,"Poland","High income"
"154","PRI",169,"Puerto Rico",11587,"PR",3473166,34016.6687531688,704411,96.65043,0.42883,91.96523,3.473166,3336.14920795608,3336,0.202815241194921,"Americas",NA,NA,96,"Puerto Rico",745,687,4148,176,5.57,184,"Puerto Rico","High income"
"155","PRK",113,"Korea, Democratic People's Republic of",1,"KP",25183833,NA,NA,28.2197,NA,99.99819,25.183833,0.0397080142645482,0,NA,"Asia",NA,NA,168,"North Korea",54,51,227,1,4.2,85,"Korea, Dem. Rep.","Low income"
"156","PRT",168,"Portugal",122807,"PT",10358076,29668.8592004843,3142188,61.75633,1.24263,94.47705,10.358076,11856.1593871294,11856,0.303356337605555,"Europe",7562,0.892,26,"Portugal",23361,21118,79557,17408,3.41,379,"Portugal","High income"
"157","PRY",164,"Paraguay",3182,"PY",6688746,11471.0969469515,215135,34.63021,0.09687,95.55484,6.688746,475.724448200006,476,0.0321637269527053,"Americas",NA,NA,133,"Paraguay",219,204,867,66,3.96,69,"Paraguay","Upper middle income"
"158","PSE",161,"Palestinian Territory",9481,"PS",4270092,1377.15607550803,274500,45.28426,0.4922,96.69073,4.270092,2220.32686883561,2220,0.0642843292369345,"Asia",NA,NA,105,"Palestine",507,459,3402,287,6.71,69,"West Bank and Gaza","Lower middle income"
"159","PYF",75,"French Polynesia",169,"PF",273124,NA,51908,NA,NA,NA,0.273124,618.76656756638,619,0.190052869758791,"Oceania",NA,NA,148,"French Polynesia",128,119,1374,90,10.73,69,"French Polynesia","High income"
"160","QAT",170,"Qatar",11940,"QA",2565710,92143.8839730651,237774,14.70129,0.51883,91.32722,2.56571,4653.68260637406,4654,0.0926737628180893,"Asia",NA,NA,62,"Qatar",3150,2888,15293,2061,4.85,105,"Qatar","High income"
"161","ROU",172,"Romania",163239,"RO",19815616,21631.6519708325,4262132,46.72669,0.48793,98.60429,19.815616,8237.89681834771,8238,0.215089553612666,"Europe",4846,NA,38,"Romania",14734,14060,29949,7868,2.03,201,"Romania","Upper middle income"
"162","RUS",173,"Russian Federation",196087,"RU",144096870,24087.3260920265,26881463,79.93813,1.10076,99.68427,144.09687,1360.7998563744,1361,0.186551331753424,"Europe",3684,NA,14,"Russian Federation",65416,63642,118605,55718,1.81,467,"Russian Federation","Upper middle income"
"163","RWA",174,"Rwanda",8226,"RW",11369071,1752.78221094298,21125,7.61135,NA,70.80413,11.369071,723.541967501127,724,0.00185811136195737,"Africa",148,NA,124,"Rwanda",317,291,3339,132,10.53,62,"Rwanda","Low income"
"164","SAU",184,"Saudi Arabia",90191,"SA",31717667,48180.1832207042,6335557,61.05635,0.81516,94.42634,31.717667,2843.55718849057,2844,0.199748518704103,"Asia",NA,NA,34,"Saudi Arabia",19008,18184,88624,17944,4.66,241,"Saudi Arabia","High income"
"165","SDN",198,"Sudan",12799,"SD",38902950,4551.99691787188,28093,16.91901,0.29844,53.51738,38.90295,328.998186512848,329,0.000722130326877525,"Africa",NA,NA,98,"Sudan",662,617,3018,164,4.56,78,"Sudan","Lower middle income"
"166","SEN",185,"Senegal",5863,"SN",14578459,2971.45051373106,100611,10.75214,0.5772,42.8175,14.578459,402.168706582774,402,0.00690134670612305,"Africa",5144,NA,97,"Senegal",736,685,2312,318,3.14,106,"Senegal","Low income"
"167","SGP",189,"Singapore",84946,"SG",5535002,86972.5316476659,1486200,NA,2.256,96.82549,5.535002,15347.0585918487,15347,0.268509388072488,"Asia",17584,NA,30,"Singapore",19835,18151,106326,17974,5.36,454,"Singapore","High income"
"168","SLB",192,"Solomon Islands",102,"SB",603118,2235.8269641723,1420,NA,NA,76.6,0.603118,169.121133841139,169,0.00235443147112174,"Oceania",NA,NA,171,"Solomon Islands",47,43,164,25,3.49,36,"Solomon Islands","Lower middle income"
"169","SLE",188,"Sierra Leone",260,"SL",7171914,1587.83102402979,NA,NA,NA,32.42617,7.171914,36.2525261736267,36,NA,"Africa",NA,NA,151,"Sierra Leone",119,104,1643,173,13.81,40,"Sierra Leone","Low income"
"170","SLV",63,"El Salvador",4707,"SV",6325124,7597.34176589782,353001,27.97005,0.14348,87.96985,6.325124,744.175133957848,744,0.0558093406548235,"Americas",813,NA,143,"El Salvador",141,132,442,32,3.13,51,"El Salvador","Lower middle income"
"171","SMR",181,"San Marino",24,"SM",33272,59697.4434166721,11641,49.94273,NA,NA,0.033272,721.327242125511,721,0.349873767732628,"Europe",NA,NA,188,"San Marino",26,24,73,2,2.81,26,"San Marino","High income"
"172","SOM",193,"Somalia",2391,"SO",13797201,NA,82000,NA,NA,NA,13.797201,173.296018518539,173,0.00594323442849024,"Africa",NA,NA,198,"Somalia",16,16,225,1,14.06,18,"Somalia","Low income"
"173","SRB",186,"Serbia",78345,"RS",7095383,14922.146910479,1320230,58.28769,0.81146,97.96241,7.095383,11041.6872493,11042,0.186068884512647,"Europe",5441,NA,49,"Serbia",7271,6787,21436,3729,2.95,149,"Serbia","Upper middle income"
"174","SSD",195,"South Sudan",286,"SS",10715658,1495.50961138534,150,NA,NA,26.83128,10.715658,26.6899148890343,27,1.39982071096334e-05,"Africa",NA,NA,NA,NA,NA,NA,NA,NA,NA,NA,"South Sudan","Low income"
"175","STP",182,"Sao Tome and Principe",10,"ST",199432,3840.21145664754,1314,13.38452,NA,90.1431,0.199432,50.1424044285772,50,0.00658871194191504,"Africa",1251,NA,219,"Sao Tome and Principe",3,3,7,0,2.33,16,"S√£o Tom√© and Principe","Lower middle income"
"176","SUR",199,"Suriname",1191,"SR",559143,16073.1531629988,52691,NA,NA,92.86866,0.559143,2130.04544454639,2130,0.0942352850701878,"Americas",NA,NA,179,"Suriname",39,38,111,14,2.85,32,"Suriname","Upper middle income"
"177","SVK",190,"Slovakia",28011,"SK",5423801,29924.1215483702,1273812,50.70005,1.17171,NA,5.423801,5164.45938927332,5164,0.234855961713935,"Europe",7754,0.86,50,"Slovakia",7242,6995,17686,4002,2.44,222,"Slovak Republic","High income"
"178","SVN",191,"Slovenia",32117,"SI",2063531,31636.750034272,564046,80.26099,2.19504,99.7,2.063531,15564.0986251236,15564,0.27334021151124,"Europe",7154,0.964,53,"Slovenia",6088,5694,19723,3499,3.24,231,"Slovenia","High income"
"179","SWE",201,"Sweden",63594,"SE",9799186,48975.0045123538,3496240,62.28248,3.26418,NA,9.799186,6489.72271778493,6490,0.356788818989659,"Europe",20356,1.52,20,"Sweden",38579,34968,186028,35899,4.82,735,"Sweden","High income"
"180","SWZ",200,"Swaziland",1031,"SZ",1104044,8844.82421130426,6000,6.74796,0.27013,83.09829,1.104044,933.83959334954,934,0.00543456601367337,"Africa",12057,NA,149,"Swaziland",124,106,288,10,2.32,51,"Swaziland","Lower middle income"
"181","SYC",187,"Seychelles",403,"SC",93419,24072.8460334507,13420,14.38099,0.30209,93.95423,0.093419,4313.89760113039,4314,0.143653860563697,"Africa",NA,NA,166,"Seychelles",60,59,362,35,6.03,52,"Seychelles","High income"
"182","SYR",203,"Syrian Arab Republic",14912,"SY",17997408,NA,729261,42.67733,0.02053,NA,17.997408,828.563757625543,829,0.0405203349282297,"Asia",NA,NA,102,"Syrian Arab Republic",540,507,3218,181,5.96,89,"Syrian Arab Republic","Lower middle income"
"183","TCA",216,"Turks and Caicos Islands",165,"TC",35981,22855.2409294216,NA,NA,NA,NA,0.035981,4585.75359217365,4586,NA,"Americas",NA,NA,212,"Turks and Caicos Islands",8,7,29,6,3.63,15,"Turks and Caicos Islands","High income"
"184","TCD",42,"Chad",9,"TD",14110975,1820.09530996928,11337,3.2513,NA,26.00299,14.110975,0.637801427612195,1,0.000803417198315496,"Africa",NA,NA,180,"Chad",38,36,51,4,1.34,36,"Chad","Low income"
"185","TGO",209,"Togo",706,"TG",7323158,1397.70664339301,66072,10.96299,0.26654,63.74562,7.323158,96.4064956675795,96,0.00902233708462934,"Africa",1342,NA,139,"Togo",167,150,241,25,1.44,42,"Togo","Low income"
"186","THA",207,"Thailand",140934,"TH",68714511,15822.0321233973,6229000,50.18006,0.61609,92.86831,68.714511,2051.00782860843,2051,0.0906504304454702,"Asia",2827,NA,42,"Thailand",12719,12053,33108,6766,2.6,269,"Thailand","Upper middle income"
"187","TJK",205,"Tajikistan",515,"TJ",8454028,3005.85424117622,6000,26.58862,0.10888,99.8,8.454028,60.9177069202988,61,0.00070972085732387,"Asia",551,NA,153,"Tajikistan",118,110,140,32,1.19,34,"Tajikistan","Lower middle income"
"188","TKM",215,"Turkmenistan",293,"TM",5565287,13690.604274337,3000,7.96587,NA,99.7,5.565287,52.6477789914518,53,0.000539055757591657,"Asia",NA,NA,192,"Turkmenistan",20,19,40,11,2,23,"Turkmenistan","Upper middle income"
"189","TLS",208,"Timor-Leste",73,"TL",1196302,2916.8233721226,1028,17.75373,NA,58.30898,1.196302,61.0213808887722,61,0.000859314788406272,"Asia",NA,NA,190,"Timor-Leste",24,20,25,2,1.04,16,"Timor-Leste","Lower middle income"
"190","TON",211,"Tonga",83,"TO",100781,5849.717335049,2458,NA,NA,99.38553,0.100781,823.567934432085,824,0.0243895178654707,"Oceania",NA,NA,204,"Tonga",11,11,63,1,5.73,24,"Tonga","Lower middle income"
"191","TTO",212,"Trinidad and Tobago",13765,"TT",1370328,27510.7038531291,278522,NA,0.08602,98.7,1.370328,10045.0403115167,10045,0.203252068117998,"Americas",NA,NA,121,"Trinidad and Tobago",323,281,687,43,2.13,84,"Trinidad and Tobago","High income"
"192","TUN",213,"Tunisia",54233,"TN",11179949,10208.335013253,573977,35.19114,0.62967,79.03643,11.179949,4850.91658289318,4851,0.0513398585270827,"Africa",6271,NA,51,"Tunisia",7055,6636,16246,4005,2.3,144,"Tunisia","Lower middle income"
"193","TUR",214,"Turkey",323204,"TR",78529409,25625.5746338526,9504594,NA,0.8815,95.60142,78.529409,4115.70651193873,4116,0.121032287407129,"Asia",4714,1.323,18,"Turkey",42843,38631,89250,21495,2.08,339,"Turkey","Upper middle income"
"194","TWN",204,"Taiwan",127867,"TW",NA,NA,NA,NA,NA,NA,NA,NA,NA,NA,"Asia",NA,NA,21,"Taiwan",37558,35717,109378,23045,2.91,406,"Taiwan, China","High income"
"195","TZA",206,"Tanzania, United Republic of",21483,"TZ",51482633,2791.02342443955,106000,4.01016,0.51456,77.88723,51.482633,417.286349748273,417,0.0020589467520047,"Africa",NA,NA,85,"Tanzania",1357,1262,6784,872,5,136,"Tanzania","Low income"
"196","UGA",217,"Uganda",12037,"UG",38225453,1778.91282706277,80724,4.83664,0.17043,70.19822,38.225453,314.89489477077,315,0.00211178661505987,"Africa",1729,NA,83,"Uganda",1398,1299,7857,999,5.62,145,"Uganda","Low income"
"197","UKR",218,"Ukraine",56523,"UA",45154029,7972.43561149119,4978813,82.67118,0.61477,99.97435,45.154029,1251.78198384025,1252,0.110262873773678,"Europe",3222,NA,46,"Ukraine",10220,9942,19813,5748,1.94,211,"Ukraine","Lower middle income"
"198","URY",222,"Uruguay",10938,"UY",3412009,20216.942816423,900933,59.69622,0.36446,98.52387,3.412009,3205.73597549127,3206,0.264047662242392,"Americas",NA,NA,86,"Uruguay",1320,1233,7114,694,5.39,150,"Uruguay","High income"
"199","USA",221,"United States",1683353,"US",320635163,56822.5188202456,102212000,88.88941,2.71744,NA,320.635163,5250.05736816208,5250,0.318779759037221,"North America",14843,0.931,1,"United States",635127,546854,2490436,1232823,3.92,1965,"United States","High income"
"200","UZB",223,"Uzbekistan",3257,"UZ",31298900,6343.1497417051,1787786,8.22409,0.17373,99.98383,31.2989,104.061165088869,104,0.0571197709823668,"Asia",NA,NA,109,"Uzbekistan",454,431,590,138,1.3,77,"Uzbekistan","Lower middle income"
"201","VCT",179,"Saint Vincent and the Grenadines",197,"VC",109148,11641.984558259,16960,23.66992,NA,NA,0.109148,1804.88877487448,1805,0.155385348334372,"Americas",NA,NA,218,"Saint Vincent and the Grenadines",4,4,6,1,1.5,15,"St. Vincent and the Grenadines","Upper middle income"
"202","VEN",225,"Venezuela",34138,"VE",30081829,17527.4477948588,2589713,79.30056,0.33713,96.60522,30.081829,1134.83791161767,1135,0.086088947583606,"Americas",NA,NA,77,"Venezuela",1701,1571,3202,440,1.88,181,"Venezuela, RB","Upper middle income"
"203","VGB",227,"Virgin Islands, British",33,"VG",29152,NA,6660,42.25856,NA,NA,0.029152,1131.99780461032,1132,0.228457738748628,"Americas",NA,NA,214,"Virgin Islands (British)",7,6,20,0,2.86,24,"British Virgin Islands","High income"
"204","VIR",228,"Virgin Islands, U.S.",71,"VI",107710,NA,9000,NA,0.02707,NA,0.10771,659.177420852289,659,0.0835577012347971,"Americas",NA,NA,206,"Virgin Islands (U.S.)",10,8,30,0,3,33,"Virgin Islands (U.S.)","High income"
"205","VNM",226,"Vietnam",179758,"VN",92677076,6102.57054195395,7657619,29.07346,0.44113,93.52045,92.677076,1939.61665342139,1940,0.0826268947026339,"Asia",1829,NA,58,"Viet Nam",4414,4253,15972,2772,3.62,167,"Vietnam","Lower middle income"
"206","VUT",224,"Vanuatu",45,"VU",271130,2954.96682929557,4297,NA,NA,84.7,0.27113,165.972042931435,166,0.0158484859661417,"Oceania",NA,NA,181,"Vanuatu",36,36,188,19,5.22,33,"Vanuatu","Lower middle income"
"207","WSM",180,"Samoa",74,"WS",193513,5945.26504649438,2084,NA,NA,98.97326,0.193513,382.403249394098,382,0.0107693023207743,"Oceania",NA,NA,194,"Samoa",19,18,66,4,3.47,30,"Samoa","Lower middle income"
"208","YEM",229,"Yemen",11008,"YE",26497889,3657.75649512633,395000,10.15192,NA,NA,26.497889,415.429319671465,415,0.0149068478624844,"Asia",NA,NA,125,"Yemen",317,308,1834,110,5.79,58,"Yemen, Rep.","Lower middle income"
"209","ZAF",194,"South Africa",129392,"ZA",55386367,12549.6753700317,1409347,19.80924,0.79846,94.36792,55.386367,2336.17055980581,2336,0.0254457382987406,"Africa",4865,NA,32,"South Africa",19627,17686,63125,15432,3.22,361,"South Africa","Upper middle income"
"210","ZMB",230,"Zambia",13570,"ZM",15879361,3430.98289612642,23390,4.11603,0.27819,83.00767,15.879361,854.56839226717,855,0.00147298118608173,"Africa",NA,NA,106,"Zambia",486,416,3956,263,8.14,102,"Zambia","Lower middle income"
"211","ZWE",231,"Zimbabwe",17552,"ZW",13814629,2680.63476760611,163987,10.00655,NA,88.69342,13.814629,1270.53719647484,1271,0.0118705323175888,"Africa",4523,NA,100,"Zimbabwe",628,535,1933,331,3.08,111,"Zimbabwe","Low income"
